id,motion_a_x,motion_a_y,motion_a_z,motion_b_x,motion_b_y,motion_b_z,cardiovascular,nervous,pulmonary,expansion_a,expansion_b
0,646,530,542,642,471,538,0,49,290,526,0
1,646,530,541,642,470,539,0,51,336,526,0
2,647,530,540,643,472,537,0,49,302,525,0
3,648,530,539,644,471,537,0,46,337,526,0
4,648,529,540,643,471,538,0,49,333,526,0
5,647,530,539,643,472,537,0,49,286,525,0
6,646,533,539,641,473,537,1,49,371,529,0
7,648,529,540,643,471,538,3,50,284,525,0
8,648,529,540,644,470,537,0,48,385,526,0
9,646,532,538,643,473,538,0,52,297,526,0
10,646,531,539,643,472,536,0,50,375,526,0
11,648,531,539,643,471,536,0,50,282,526,0
12,646,531,540,643,471,539,0,55,325,534,0
13,647,531,539,644,472,536,0,56,337,525,0
14,648,531,540,643,471,536,0,57,354,525,0
15,645,534,539,641,470,538,0,58,335,530,0
16,646,532,540,642,470,539,0,59,377,525,0
17,647,530,538,641,469,538,0,58,299,530,0
18,646,529,538,641,470,539,0,58,354,533,0
19,648,530,539,642,473,537,0,56,335,544,0
20,648,530,539,642,471,536,0,55,379,534,0
21,648,530,539,643,471,538,0,54,331,526,0
22,650,530,540,642,474,536,0,53,314,530,0
23,649,530,540,642,474,537,0,50,359,526,0
24,647,530,539,643,474,538,0,52,320,525,0
25,647,530,539,642,472,537,0,50,301,526,0
26,649,531,539,642,471,535,0,53,305,526,0
27,649,531,539,644,471,535,0,53,356,545,0
28,649,530,541,644,471,537,0,54,334,526,0
29,648,532,537,644,470,537,0,55,293,529,0
30,647,531,538,644,471,537,0,55,353,527,0
31,649,531,539,644,472,536,0,54,322,523,0
32,650,530,538,643,472,538,0,57,301,530,0
33,648,530,539,642,471,537,0,57,351,528,0
34,648,531,541,641,471,536,0,56,303,528,0
35,649,532,542,643,471,538,0,54,400,537,0
36,646,533,538,642,472,538,0,53,303,522,1
37,648,531,538,643,471,538,0,50,393,534,0
38,648,531,539,644,472,537,0,49,400,533,0
39,648,531,540,642,474,537,0,46,288,526,0
40,647,531,541,641,475,538,0,46,366,537,0
41,647,531,540,642,474,538,0,44,347,526,0
42,646,529,538,644,474,539,0,45,296,526,0
43,646,528,537,644,472,538,0,45,358,528,0
44,647,533,540,644,472,539,0,43,335,526,0
45,648,532,540,644,474,539,0,46,360,529,0
46,648,532,540,644,472,539,0,47,382,533,0
47,644,533,539,643,470,537,0,48,319,537,0
48,646,530,540,644,471,537,0,51,388,529,0
49,647,528,541,644,471,536,0,51,335,525,0
50,647,533,539,643,472,539,0,52,326,528,0
51,648,530,538,643,472,538,0,53,299,525,0
52,647,532,539,643,471,539,0,53,328,530,0
53,648,530,541,642,473,539,2,52,363,538,0
54,647,529,540,643,473,539,12,51,326,526,0
55,646,532,539,644,473,538,0,49,330,527,0
56,646,531,540,644,473,537,0,50,341,523,3
57,647,531,540,645,473,539,0,53,320,523,0
58,646,532,539,641,471,538,0,47,330,529,0
59,646,530,540,642,468,536,0,44,329,526,0
60,646,531,538,643,470,535,0,46,355,526,0
61,645,533,536,643,469,535,0,48,306,528,0
62,644,535,538,643,470,534,0,48,316,525,0
63,645,533,540,642,470,533,0,49,293,527,0
64,646,534,539,642,469,533,0,49,382,527,0
65,645,534,538,643,470,536,0,49,332,527,0
66,645,532,538,640,470,536,0,46,302,526,0
67,644,532,539,645,469,536,0,48,328,527,0
68,645,533,539,645,470,536,0,50,332,523,0
69,645,534,536,639,471,536,0,48,306,534,0
70,648,533,535,642,472,536,0,48,364,536,0
71,647,533,539,643,473,534,0,48,364,526,0
72,646,533,539,641,473,538,0,48,320,527,0
73,644,534,540,642,472,536,0,51,346,523,0
74,645,536,540,642,471,533,0,50,303,529,0
75,645,535,536,641,469,534,0,48,322,526,0
76,645,535,538,642,466,533,0,49,295,530,0
77,643,535,536,641,467,537,0,52,350,534,0
78,643,535,538,644,465,535,0,51,335,529,0
79,646,535,539,641,466,534,0,48,293,526,0
80,646,536,537,641,468,534,0,48,376,526,0
81,645,535,537,642,469,535,0,46,316,529,0
82,646,536,540,641,470,534,0,45,342,528,0
83,645,532,541,643,470,539,2,44,306,525,0
84,646,532,540,643,470,537,0,43,348,529,0
85,645,532,540,641,469,538,3,43,332,528,0
86,646,531,539,641,471,537,22,43,356,528,0
87,647,531,539,642,470,537,22,44,381,539,0
88,647,530,537,643,471,538,22,44,318,525,0
89,649,527,537,643,472,536,22,46,338,522,2
90,649,527,538,641,473,538,25,46,336,534,0
91,649,527,539,643,472,540,22,47,310,524,0
92,649,526,535,645,468,541,25,49,342,534,0
93,648,528,535,643,470,540,10,52,297,527,0
94,648,527,535,642,471,540,21,53,415,534,0
95,650,527,536,644,470,540,19,54,312,531,0
96,648,526,535,644,470,541,1,55,362,529,0
97,648,527,537,643,469,544,3,55,400,535,0
98,650,528,539,643,473,541,23,56,305,537,0
99,649,528,538,643,473,540,23,57,342,534,0
100,650,525,540,643,474,537,22,57,326,531,0
101,649,524,536,643,473,540,23,58,299,534,0
102,649,524,538,643,472,541,0,59,369,538,0
103,648,526,540,643,472,541,0,56,311,529,0
104,649,527,537,643,472,540,0,59,346,530,0
105,647,530,536,642,472,540,0,60,314,529,0
106,646,529,537,643,472,541,0,60,377,527,0
107,647,530,538,644,471,538,0,61,353,530,0
108,645,530,537,641,468,538,0,61,278,527,0
109,646,529,537,640,469,538,3,61,372,530,0
110,646,531,537,644,471,537,0,61,311,525,0
111,646,532,537,644,471,539,0,63,337,523,0
112,648,528,538,643,471,537,0,62,309,528,0
113,648,529,537,642,471,537,0,62,368,525,0
114,648,527,537,642,471,537,0,60,284,526,0
115,647,528,536,644,469,535,0,61,336,527,0
116,645,528,538,643,470,537,0,61,319,530,0
117,646,530,538,643,468,538,0,62,324,523,2
118,649,530,536,641,471,539,2,57,276,528,0
119,649,531,535,641,471,539,0,62,344,523,0
120,648,531,536,643,470,536,0,51,295,525,0
121,645,528,536,643,470,538,0,49,335,526,0
122,645,529,535,642,468,538,0,46,355,526,0
123,647,528,537,642,468,538,0,48,358,530,0
124,648,529,537,643,469,539,0,47,298,535,0
125,647,529,537,643,470,539,0,44,346,526,0
126,646,530,537,643,470,538,0,46,286,527,0
127,648,528,537,642,469,538,0,48,318,525,0
128,648,529,538,643,468,537,0,49,331,528,0
129,646,530,536,642,469,538,0,51,291,527,0
130,647,530,537,643,468,538,0,52,351,526,0
131,647,529,537,644,468,538,0,52,322,526,0
132,647,530,535,642,468,537,0,53,296,531,0
133,647,528,537,644,469,539,1,55,310,529,0
134,647,529,537,642,467,536,0,56,332,525,0
135,649,529,536,642,468,537,0,54,338,526,0
136,646,529,538,641,469,541,0,57,304,525,0
137,646,530,537,642,467,539,1,58,349,529,0
138,649,528,537,642,468,538,0,58,312,528,0
139,648,527,534,643,470,540,0,59,302,525,0
140,647,527,534,643,470,539,0,59,355,527,0
141,648,527,536,642,468,537,0,59,286,526,0
142,649,526,537,641,470,539,0,59,342,548,0
143,650,526,537,643,470,540,0,59,356,525,0
144,645,531,535,642,470,538,0,59,289,530,0
145,646,528,536,643,469,539,0,60,349,530,0
146,647,528,537,643,468,538,0,60,320,527,0
147,647,529,536,642,471,539,0,61,313,526,0
148,649,530,536,642,468,537,0,58,279,526,0
149,648,528,536,643,470,539,0,61,329,525,0
150,648,527,537,644,470,540,0,61,373,529,0
151,649,526,537,645,469,540,0,61,330,526,0
152,647,528,537,642,469,538,0,59,303,525,0
153,648,527,537,642,469,538,0,57,349,551,0
154,648,527,536,642,470,538,0,54,354,526,0
155,649,527,536,643,469,538,0,56,331,527,0
156,646,528,535,644,468,537,0,55,334,535,0
157,647,529,539,644,470,539,0,55,310,526,0
158,649,529,538,643,469,540,0,54,335,534,0
159,649,528,539,642,469,539,23,54,340,529,0
160,648,528,537,642,470,540,30,55,316,545,0
161,649,527,537,643,471,542,27,55,371,539,0
162,645,530,537,642,471,538,0,56,286,526,0
163,647,530,537,642,472,539,0,58,335,526,0
164,647,529,536,643,470,539,0,59,334,530,0
165,647,528,535,642,471,538,0,60,324,527,0
166,646,528,536,642,471,538,0,60,356,526,0
167,646,526,537,642,470,539,0,60,330,528,0
168,646,528,535,642,469,541,0,61,287,529,0
169,647,526,536,643,472,539,0,60,321,528,0
170,649,525,536,642,471,541,0,61,386,527,0
171,645,528,536,641,471,540,0,61,305,546,0
172,647,528,536,641,470,539,0,62,373,527,0
173,646,527,535,643,470,537,0,62,268,527,0
174,647,528,538,643,471,539,0,61,335,533,0
175,648,525,535,642,469,540,0,61,301,527,0
176,649,530,537,644,469,539,0,58,301,526,0
177,648,530,537,643,468,540,0,57,347,527,0
178,647,528,537,643,470,541,0,56,343,527,0
179,647,527,537,643,468,538,0,58,306,528,0
180,649,528,538,643,469,537,0,57,324,527,0
181,649,529,537,643,469,539,0,56,341,529,0
182,649,527,538,641,468,539,0,56,361,527,0
183,648,528,535,641,471,538,0,52,293,526,0
184,647,527,536,644,469,535,0,54,308,526,0
185,647,529,534,642,467,540,0,54,333,529,0
186,648,528,533,641,470,541,0,55,406,531,0
187,647,528,537,645,472,540,0,55,291,530,0
188,646,529,536,643,470,539,0,57,326,523,2
189,648,528,535,641,468,537,0,56,322,527,0
190,647,528,535,642,469,537,0,56,365,533,0
191,648,526,536,642,470,539,0,54,345,526,0
192,647,528,534,642,469,541,0,60,326,523,2
193,647,528,534,643,468,539,0,61,349,524,0
194,649,528,536,642,469,537,0,60,325,528,0
195,647,526,538,643,470,538,0,60,350,541,0
196,645,526,537,644,469,537,0,62,338,523,0
197,649,528,534,641,469,538,0,61,284,526,0
198,649,528,537,641,469,538,0,59,349,527,0
199,647,530,537,642,471,540,0,60,283,527,0
200,648,527,536,644,470,537,0,62,275,529,0
201,648,527,535,644,471,537,0,63,344,526,0
202,646,528,537,643,469,538,10,63,309,524,0
203,646,528,537,643,470,539,0,64,378,528,0
204,648,528,537,643,471,539,9,63,357,533,0
205,648,528,538,642,470,539,5,64,362,527,0
206,646,529,539,642,471,539,0,64,315,533,0
207,646,532,537,641,471,540,1,64,344,529,0
208,648,530,536,643,474,538,0,64,277,527,0
209,647,529,535,642,472,537,0,64,330,527,0
210,646,528,535,644,473,537,0,64,349,527,0
211,647,527,537,644,473,537,0,65,358,530,0
212,647,531,538,643,472,536,0,64,278,527,0
213,648,530,537,642,471,537,0,64,346,527,0
214,647,531,537,642,472,538,0,65,302,529,0
215,646,530,537,643,471,536,0,65,367,527,0
216,646,530,537,642,472,537,0,64,294,528,0
217,645,529,537,643,472,537,0,70,371,523,0
218,645,530,539,644,472,539,0,62,316,525,0
219,647,530,539,644,472,539,0,59,346,527,0
220,647,529,538,643,472,538,0,57,304,529,0
221,647,531,539,643,471,536,0,54,315,525,0
222,647,527,538,640,473,539,0,50,317,526,0
223,648,529,537,642,470,537,0,47,331,534,0
224,649,530,539,642,471,538,4,47,356,525,0
225,648,529,536,643,473,540,23,46,315,530,0
226,646,530,537,643,471,537,0,47,302,530,0
227,648,530,534,643,471,540,0,47,290,526,0
228,647,530,537,642,472,539,3,49,290,529,0
229,645,529,537,643,471,539,0,50,333,526,0
230,649,528,537,640,470,539,0,49,302,526,0
231,646,529,535,642,472,538,0,53,310,530,0
232,649,530,534,641,472,538,0,54,315,528,0
233,647,528,535,643,472,538,0,54,384,527,0
234,646,530,536,643,471,539,0,55,315,534,0
235,648,529,536,645,472,537,0,54,305,528,0
236,646,529,537,641,472,538,0,52,300,526,0
237,647,527,538,644,472,539,0,51,351,529,0
238,648,529,537,642,471,539,0,49,300,525,0
239,647,530,535,640,472,538,0,48,308,525,0
240,648,530,535,642,471,539,0,47,337,534,0
241,647,528,535,641,471,535,0,46,314,525,0
242,647,528,536,642,470,537,0,46,350,527,0
243,648,530,536,643,470,538,0,46,339,536,0
244,648,529,537,643,471,537,0,46,312,527,0
245,647,531,537,644,471,539,0,46,357,529,0
246,645,531,536,641,472,540,0,47,268,527,0
247,647,531,537,641,472,536,0,48,293,525,0
248,647,531,537,643,472,537,0,49,304,525,0
249,645,531,537,644,472,537,0,50,367,530,0
250,648,529,536,641,471,536,0,52,351,534,0
251,647,530,537,642,471,535,0,51,402,527,0
252,648,532,539,643,472,535,15,54,296,530,0
253,647,531,537,641,473,537,16,54,350,526,0
254,647,530,537,643,472,538,18,55,288,527,0
255,647,531,539,643,473,538,18,56,332,534,0
256,646,531,539,644,474,537,0,57,337,527,0
257,646,530,538,646,473,536,0,58,388,530,0
258,646,531,539,645,472,536,0,58,321,525,0
259,646,532,538,643,473,537,0,59,314,529,0
260,646,529,537,644,472,538,0,59,333,532,0
261,646,531,537,643,472,538,0,57,385,526,0
262,647,532,537,645,472,538,0,59,348,535,0
263,648,532,539,643,472,537,0,56,286,530,0
264,647,531,538,643,474,537,0,56,343,530,0
265,646,529,539,643,473,536,0,51,340,527,0
266,646,530,538,642,472,538,0,57,292,523,0
267,647,530,536,643,470,539,0,47,279,526,0
268,647,530,538,642,472,538,0,46,389,534,0
269,646,531,538,643,473,538,0,45,318,527,0
270,647,530,538,643,472,536,0,46,359,533,0
271,647,530,539,644,474,536,11,44,337,527,0
272,644,533,537,641,473,537,20,46,310,526,0
273,644,532,538,642,472,537,8,48,353,529,0
274,646,532,537,642,472,537,2,48,322,534,0
275,648,531,539,642,472,538,0,49,284,530,0
276,648,531,539,644,472,537,0,50,338,527,0
277,646,532,539,642,474,537,0,50,297,527,0
278,645,534,537,643,471,537,0,53,323,525,0
279,646,533,536,642,470,537,0,54,361,534,0
280,645,532,539,642,470,536,0,52,332,527,0
281,645,533,538,643,471,538,0,55,353,530,0
282,647,533,539,643,473,536,0,54,337,527,0
283,647,533,538,645,472,537,0,56,307,527,0
284,646,531,538,644,474,537,0,55,366,527,0
285,645,530,539,643,473,538,0,53,336,527,0
286,645,530,540,642,473,537,0,50,329,527,0
287,648,531,540,643,474,536,0,52,336,527,0
288,647,532,537,642,470,537,0,49,308,529,0
289,647,535,536,642,471,539,0,47,351,527,0
290,648,531,539,643,471,537,0,45,299,529,0
291,644,531,539,643,471,537,0,46,352,523,0
292,646,531,538,642,472,536,0,42,292,527,0
293,648,531,537,641,472,538,0,43,301,528,0
294,649,531,537,643,472,538,0,43,351,531,0
295,648,529,540,643,474,538,0,43,298,527,0
296,647,527,541,643,473,538,0,45,345,531,0
297,647,529,539,643,473,539,0,46,369,541,0
298,647,531,537,643,475,540,0,48,286,526,0
299,647,530,536,643,473,537,0,49,341,525,0
300,647,529,537,644,472,537,0,50,317,530,0
301,648,531,538,643,471,538,0,51,308,529,0
302,647,531,537,643,472,538,0,52,366,528,0
303,646,530,538,643,472,537,0,53,281,526,0
304,646,530,538,643,471,538,0,54,365,527,0
305,647,529,538,643,471,540,0,55,323,527,0
306,648,527,537,644,471,540,0,55,339,528,0
307,646,529,537,642,474,539,0,56,300,526,0
308,648,529,536,641,473,539,2,56,285,530,0
309,646,529,536,641,471,539,0,52,351,529,0
310,647,529,537,642,474,541,0,54,304,529,0
311,645,530,537,643,473,538,0,53,387,549,0
312,644,529,537,643,472,539,0,52,329,536,0
313,646,529,538,643,471,537,0,51,310,535,0
314,647,529,538,642,472,539,0,51,386,537,0
315,648,533,536,642,471,539,0,50,292,536,0
316,647,533,536,642,471,539,0,50,370,535,0
317,649,530,538,642,471,540,0,51,331,532,0
318,647,529,536,642,472,537,0,51,296,535,0
319,647,530,536,642,471,537,0,54,350,530,0
320,649,527,537,644,470,539,0,50,289,528,0
321,648,527,537,643,470,538,0,51,331,532,0
322,648,528,536,642,470,540,0,51,309,526,0
323,648,528,536,641,471,540,0,53,365,525,0
324,647,528,538,642,470,540,0,50,285,527,0
325,648,526,535,642,470,540,0,51,336,529,0
326,648,527,537,642,469,539,0,50,307,529,0
327,648,528,534,640,469,540,0,51,326,532,0
328,647,527,535,642,469,539,0,50,400,527,0
329,648,525,539,642,470,540,1,52,325,530,0
330,648,529,536,641,470,538,0,50,321,527,0
331,647,526,537,642,470,540,0,52,318,527,0
332,645,528,538,642,470,539,0,59,291,524,0
333,646,529,538,643,471,540,0,58,392,529,0
334,649,526,537,643,472,539,0,58,354,540,0
335,646,532,537,644,470,536,0,58,299,526,0
336,646,527,537,643,472,542,0,58,338,528,0
337,646,526,537,643,473,541,0,58,344,542,0
338,647,528,537,644,472,540,0,58,315,539,0
339,647,529,537,643,473,537,0,59,382,540,0
340,648,527,538,643,472,539,0,59,323,537,0
341,647,528,537,643,472,539,0,59,289,538,0
342,648,528,537,644,472,539,0,59,388,544,0
343,648,526,538,643,472,539,0,58,320,538,0
344,647,528,536,642,472,538,0,57,322,548,0
345,647,529,536,642,471,538,0,54,345,541,0
346,647,527,537,642,470,541,0,60,261,536,0
347,646,528,539,641,469,540,0,57,343,540,0
348,649,528,537,642,470,539,0,55,366,565,0
349,649,525,537,642,472,539,0,55,341,542,0
350,648,526,538,643,470,539,0,54,335,546,0
351,648,527,534,642,470,540,0,54,312,546,0
352,649,528,536,642,470,540,0,54,333,538,0
353,649,526,538,642,470,539,0,55,335,541,0
354,649,527,536,643,472,538,0,55,316,541,0
355,649,526,537,643,473,541,0,55,358,544,0
356,650,526,538,641,470,541,0,55,314,543,0
357,648,526,539,643,471,539,0,56,342,551,0
358,649,526,539,644,470,539,0,57,349,542,0
359,648,526,538,645,471,538,0,54,339,543,0
360,647,526,538,642,471,540,0,56,351,544,0
361,646,527,536,642,471,540,0,58,269,544,0
362,647,527,537,642,471,540,0,59,396,570,0
363,648,526,536,642,473,540,0,60,321,545,0
364,648,527,537,641,470,541,0,60,357,565,0
365,648,527,537,643,471,540,0,59,315,544,0
366,648,527,538,643,472,539,0,59,317,542,0
367,647,527,539,644,471,540,0,59,359,543,0
368,649,525,537,643,471,541,0,56,343,544,0
369,648,527,538,643,472,539,0,58,291,546,0
370,649,528,537,644,472,540,0,57,327,543,0
371,648,528,538,645,473,540,0,57,343,548,0
372,647,527,538,643,473,540,0,55,326,547,0
373,649,527,537,643,472,539,0,55,331,553,0
374,647,527,536,644,473,541,0,54,343,545,0
375,647,526,537,643,473,542,0,55,378,560,0
376,648,525,537,642,473,540,0,55,321,549,0
377,648,526,535,643,471,539,0,55,333,564,0
378,648,525,536,643,471,539,0,55,391,552,0
379,650,526,538,643,473,542,0,54,278,544,0
380,649,527,538,642,472,541,0,56,339,544,0
381,649,527,537,643,473,540,0,56,290,544,0
382,649,526,537,641,473,540,0,57,340,552,0
383,649,525,534,642,471,538,0,57,295,545,0
384,649,526,535,644,473,537,0,58,376,548,0
385,649,527,537,643,472,540,0,56,282,544,0
386,649,527,538,643,472,541,0,59,343,548,0
387,648,525,539,643,471,539,0,58,300,545,0
388,648,526,538,642,470,541,0,61,306,548,0
389,647,526,537,643,471,540,0,60,370,554,0
390,648,526,536,644,470,541,0,61,320,548,0
391,649,528,537,643,469,540,0,61,331,543,0
392,649,527,539,644,470,540,0,61,386,552,0
393,648,526,538,641,472,541,0,62,292,543,0
394,648,525,536,642,472,540,0,62,417,546,0
395,648,527,535,642,469,538,0,62,286,543,0
396,649,528,535,643,469,538,0,61,336,544,0
397,648,528,537,643,470,539,0,63,317,544,0
398,649,526,537,643,470,539,0,63,383,543,0
399,649,526,536,643,470,540,0,64,336,547,0
400,649,528,536,642,471,539,0,63,322,543,0
401,650,527,535,641,470,540,0,63,325,548,0
402,650,528,536,643,469,540,0,67,358,541,0
403,648,526,538,641,469,539,0,64,303,547,0
404,646,526,537,642,470,540,0,64,338,545,0
405,648,528,536,642,470,540,1,64,312,545,0
406,648,527,537,643,470,538,0,64,404,545,0
407,647,526,536,644,469,538,0,64,376,544,0
408,649,527,538,643,470,539,0,65,284,547,0
409,646,529,537,644,470,542,0,64,339,544,0
410,645,528,536,644,470,541,0,64,349,541,0
411,646,528,536,642,469,538,0,66,288,548,0
412,646,527,538,642,471,537,0,65,353,548,0
413,647,528,536,641,470,537,0,65,314,546,0
414,648,527,537,643,471,539,0,64,356,544,0
415,650,526,538,643,471,539,0,65,280,542,0
416,650,526,536,643,470,538,0,66,330,549,0
417,648,528,538,642,470,539,0,66,287,545,0
418,647,530,537,643,470,538,0,64,318,544,0
419,645,531,536,643,470,539,0,66,327,542,0
420,649,528,535,642,471,540,0,65,290,544,0
421,649,527,535,643,471,540,0,66,377,544,0
422,648,528,537,641,469,538,0,64,282,543,0
423,647,528,535,642,470,539,4,66,338,543,0
424,647,528,535,643,469,540,0,67,288,543,0
425,646,527,536,643,469,539,0,67,343,544,0
426,647,527,536,644,471,538,0,67,304,547,0
427,646,526,537,643,470,540,0,67,362,563,0
428,648,527,537,644,469,542,0,67,356,541,0
429,650,527,537,643,468,539,0,64,331,543,0
430,648,527,535,644,471,540,0,67,335,557,0
431,648,527,536,644,471,539,0,67,360,542,0
432,649,525,536,643,471,539,0,67,374,544,0
433,648,526,537,642,470,539,0,68,325,547,0
434,648,526,536,642,470,537,0,67,332,543,0
435,647,528,537,643,469,536,0,68,359,546,0
436,647,529,536,643,469,539,0,68,316,547,0
437,647,527,536,643,469,540,0,66,373,544,0
438,646,526,538,642,469,541,0,67,298,543,0
439,647,526,536,642,467,541,0,66,340,544,0
440,648,526,536,643,468,540,0,71,310,540,0
441,647,525,537,644,468,539,0,63,353,559,0
442,648,526,538,644,468,539,0,62,335,551,0
443,648,527,535,643,470,538,0,61,284,543,0
444,650,527,536,642,470,537,0,58,348,543,0
445,648,526,534,643,469,537,0,59,342,547,0
446,649,529,536,642,469,537,0,59,283,544,0
447,647,529,536,640,468,538,0,59,408,546,0
448,646,528,537,642,468,539,0,60,324,544,0
449,648,526,535,642,470,539,0,59,306,544,0
450,647,530,535,641,467,539,0,59,279,541,0
451,644,527,536,642,468,537,0,60,347,545,0
452,650,527,536,643,467,539,0,61,303,545,0
453,651,527,538,644,468,539,0,62,365,547,0
454,648,528,536,643,470,540,0,62,283,546,0
455,648,527,536,642,469,540,3,63,357,547,0
456,647,528,536,643,469,540,0,62,320,543,0
457,646,529,534,643,470,539,0,60,309,543,0
458,647,528,536,642,469,538,0,65,349,544,0
459,648,528,538,641,468,536,0,64,331,540,0
460,649,527,537,642,468,539,0,64,371,555,0
461,647,527,535,643,468,540,0,61,287,543,0
462,647,528,535,644,470,539,0,65,342,547,0
463,647,530,536,642,468,539,0,64,302,543,0
464,649,529,537,641,468,539,0,64,335,544,0
465,649,526,536,643,469,538,0,67,347,541,0
466,647,530,534,641,465,539,0,62,302,547,0
467,646,529,533,642,468,540,0,61,377,547,0
468,646,528,536,642,468,538,0,59,346,551,0
469,648,527,537,640,469,538,0,57,322,546,0
470,649,528,536,642,467,538,0,55,337,543,0
471,646,527,535,643,469,539,0,54,359,542,0
472,648,528,537,644,469,540,0,50,341,543,0
473,647,528,536,641,468,538,0,53,307,542,0
474,646,527,534,644,468,537,0,53,305,543,0
475,647,528,533,643,467,538,0,50,335,544,0
476,645,528,534,643,468,540,0,53,355,547,0
477,647,527,537,643,468,537,0,54,317,551,0
478,647,527,536,642,468,537,0,52,310,544,0
479,646,529,535,643,468,537,0,54,302,544,0
480,647,526,537,640,467,537,0,58,291,547,0
481,647,529,536,642,469,538,0,56,341,544,0
482,649,529,537,643,470,538,0,56,368,548,0
483,648,528,536,643,470,538,9,56,301,548,0
484,648,527,536,642,470,539,32,55,325,544,0
485,646,526,536,644,468,538,38,54,328,547,0
486,645,528,535,643,469,538,64,53,312,543,0
487,650,528,536,642,468,538,108,54,325,559,0
488,648,529,536,642,468,537,112,55,377,542,0
489,648,527,537,642,468,538,121,54,386,545,0
490,648,529,534,643,470,538,136,54,311,546,0
491,649,527,536,643,471,540,135,55,418,544,0
492,649,527,538,644,470,539,135,56,323,545,0
493,647,528,536,641,472,543,117,56,304,542,0
494,647,526,535,643,468,537,115,57,304,545,0
495,648,526,536,643,469,539,104,56,351,542,0
496,647,527,537,642,469,539,106,56,374,557,0
497,648,526,533,641,471,540,95,54,308,544,0
498,649,527,536,642,470,539,69,48,290,542,0
499,648,529,536,642,470,539,63,47,281,541,0
500,649,527,537,643,470,539,56,46,353,542,0
501,648,528,536,641,471,539,49,44,283,540,0
502,648,526,535,643,469,538,45,43,400,546,0
503,647,529,536,642,469,539,8,42,312,548,0
504,647,525,534,642,468,538,0,41,325,541,0
505,648,525,534,641,468,539,0,41,384,555,0
506,648,528,536,642,469,539,0,41,308,547,0
507,648,528,537,642,471,539,0,42,332,546,0
508,648,527,536,642,468,538,0,42,288,548,0
509,648,526,535,642,469,539,0,42,331,545,0
510,649,525,533,641,469,537,0,43,306,546,0
511,646,528,536,642,467,540,0,43,297,543,0
512,646,528,536,642,469,539,0,43,337,544,0
513,648,526,536,641,468,539,0,45,276,543,0
514,649,524,535,641,467,537,0,45,357,546,0
515,650,525,536,643,468,537,0,46,362,551,0
516,648,526,535,642,470,538,0,44,295,544,0
517,649,527,536,641,469,538,0,48,391,545,0
518,646,528,536,643,469,539,0,46,282,544,0
519,646,526,536,642,469,540,0,50,342,543,0
520,647,527,535,640,468,539,0,51,301,546,0
521,647,528,535,642,467,537,0,52,338,545,0
522,648,526,535,641,468,539,0,53,291,544,0
523,648,526,535,641,468,539,0,54,304,544,0
524,648,526,536,641,466,540,0,51,299,545,0
525,647,527,535,642,469,539,0,52,283,544,0
526,647,527,536,642,469,540,0,55,371,549,0
527,648,525,537,644,468,539,0,56,337,558,0
528,648,525,537,642,466,538,0,56,327,544,0
529,648,526,535,643,468,538,0,56,334,543,0
530,646,527,535,641,467,539,0,57,346,551,0
531,647,524,536,642,468,538,0,57,389,552,0
532,648,527,536,643,469,540,0,56,287,545,0
533,647,527,535,640,467,537,0,59,295,545,0
534,649,527,535,642,468,538,0,59,288,544,0
535,647,528,537,643,467,537,0,61,346,542,0
536,648,527,535,642,469,539,0,59,322,549,0
537,648,526,536,643,469,540,0,58,352,545,0
538,648,525,538,644,469,539,0,61,327,548,0
539,648,526,536,644,468,537,0,60,356,545,0
540,648,526,535,643,467,538,0,61,368,565,0
541,646,528,535,641,466,536,0,63,283,542,0
542,648,526,535,641,468,537,0,62,287,549,0
543,649,528,535,643,467,537,2,62,348,548,0
544,649,526,534,640,469,537,0,65,280,541,1
545,648,527,534,642,470,538,0,63,366,550,0
546,648,527,535,643,467,538,0,63,335,550,0
547,647,528,534,642,468,538,0,63,322,552,0
548,647,525,534,642,469,537,0,63,309,544,0
549,647,525,534,642,468,538,0,64,323,546,0
550,648,524,534,643,468,538,0,70,301,553,0
551,648,528,536,642,468,536,0,61,311,545,0
552,648,528,536,641,469,535,0,64,330,544,0
553,648,528,535,640,469,538,0,64,288,546,0
554,648,530,534,642,468,539,0,62,343,545,0
555,649,527,535,642,467,538,0,65,332,544,0
556,648,527,536,642,468,540,0,64,298,546,0
557,647,526,534,642,468,540,0,65,350,548,0
558,648,525,535,643,467,539,0,64,332,545,0
559,648,526,535,640,468,540,0,65,318,545,0
560,648,527,537,641,468,541,0,65,376,544,0
561,647,527,537,642,467,538,0,65,286,544,0
562,647,527,532,641,469,539,1,65,291,549,0
563,647,526,534,643,468,539,0,64,400,548,0
564,647,526,535,643,468,539,0,64,370,553,0
565,647,526,535,642,467,540,0,60,287,545,0
566,647,528,537,642,467,538,0,59,288,545,0
567,647,527,536,641,467,537,0,58,329,546,0
568,648,526,536,642,468,539,0,56,336,545,0
569,648,526,534,641,466,537,0,54,310,550,0
570,648,525,534,642,469,538,0,52,348,545,0
571,647,525,534,643,470,539,0,53,348,550,0
572,648,527,535,641,468,540,0,51,349,552,0
573,647,528,535,641,469,539,0,48,343,546,0
574,649,526,534,641,466,541,1,52,303,549,0
575,650,526,534,642,466,540,0,49,387,545,0
576,648,527,536,641,468,537,0,52,313,551,0
577,647,528,537,642,469,537,0,53,343,545,0
578,648,528,536,642,468,537,0,53,346,546,0
579,648,527,535,643,465,537,0,54,310,545,0
580,646,526,534,641,467,540,0,55,311,549,0
581,647,526,535,642,468,538,0,54,349,543,0
582,647,525,536,643,468,537,0,56,346,550,0
583,647,526,535,642,467,541,0,56,310,547,0
584,647,525,534,641,469,541,0,57,349,545,0
585,647,526,535,640,468,540,0,57,322,550,0
586,648,525,535,642,466,537,0,56,352,553,0
587,647,525,535,642,467,537,0,56,358,544,0
588,648,527,535,642,468,538,0,63,377,542,0
589,647,527,536,642,469,538,0,56,303,544,0
590,646,528,536,641,469,538,0,56,357,545,0
591,648,526,536,642,468,537,0,56,329,546,0
592,648,526,534,642,467,540,0,56,304,544,0
593,647,526,534,643,467,538,0,54,380,545,0
594,649,525,535,643,468,539,0,57,378,547,0
595,648,527,534,642,467,538,0,57,320,553,0
596,646,526,534,642,467,537,0,58,365,546,0
597,647,528,535,643,466,540,0,58,367,544,0
598,647,528,537,642,468,538,0,59,349,544,0
599,648,525,536,639,467,539,0,60,319,546,0
600,648,525,536,641,467,539,0,60,398,553,0
601,648,526,536,641,467,539,0,60,340,545,0
602,647,528,534,644,467,539,0,61,326,548,0
603,649,525,536,643,467,539,1,62,292,550,0
604,647,525,536,643,467,537,0,62,356,545,0
605,647,527,536,641,466,539,0,62,316,556,0
606,647,527,535,641,467,539,0,62,397,548,0
607,649,527,534,641,467,538,0,62,297,549,0
608,648,528,535,642,468,538,0,69,341,543,0
609,646,527,533,641,467,540,0,61,288,544,0
610,644,527,534,641,468,539,0,58,352,545,0
611,647,528,536,641,466,538,0,60,304,548,0
612,648,529,537,643,464,537,0,60,366,545,0
613,648,527,535,641,467,538,0,59,306,548,0
614,647,526,534,642,466,539,0,59,380,545,0
615,646,529,536,642,467,538,0,56,287,545,0
616,646,529,536,641,468,537,0,59,345,547,0
617,646,527,536,642,469,537,0,59,349,545,0
618,648,526,535,641,466,540,0,60,302,551,0
619,647,528,535,641,466,540,0,59,365,545,0
620,649,527,537,642,468,537,0,59,319,551,0
621,649,527,536,644,467,538,0,59,384,548,0
622,648,527,536,642,467,538,0,57,280,546,0
623,648,527,536,641,467,537,0,59,348,545,0
624,648,527,535,640,467,536,0,59,281,545,0
625,647,527,535,641,467,538,0,58,333,546,0
626,648,527,535,642,468,537,0,56,324,545,0
627,647,528,535,642,468,539,0,58,359,551,0
628,648,528,536,641,467,538,0,59,337,560,0
629,648,526,536,645,468,538,0,59,334,544,0
630,648,527,537,644,468,537,0,59,380,551,0
631,648,527,536,642,467,538,0,59,305,548,0
632,648,528,536,643,468,537,0,60,339,544,0
633,647,529,537,643,469,538,0,60,315,553,0
634,648,529,538,643,468,537,0,59,374,547,0
635,646,528,537,644,466,539,0,58,346,567,0
636,649,529,537,643,465,538,0,57,346,545,0
637,649,529,537,642,467,543,0,56,339,548,0
638,647,528,536,646,474,552,0,53,301,547,0
639,647,527,536,645,474,551,0,55,367,543,0
640,647,528,536,641,473,553,0,51,330,551,0
641,647,529,536,647,474,554,0,51,378,554,0
642,647,529,534,642,469,543,0,51,291,546,0
643,648,529,535,640,471,539,3,50,296,548,0
644,646,530,537,640,471,540,0,49,321,546,0
645,647,528,536,641,470,540,0,49,318,545,0
646,647,527,536,641,470,540,0,54,345,554,3
647,648,529,534,642,469,539,0,52,311,548,0
648,648,528,534,643,470,540,0,50,352,547,0
649,647,528,536,645,470,541,3,54,322,548,0
650,649,527,536,642,468,539,0,55,291,544,0
651,649,529,537,642,470,542,0,55,339,545,0
652,646,528,537,642,472,543,0,56,383,553,0
653,647,531,535,641,471,538,0,57,319,549,0
654,647,532,536,644,470,539,0,58,335,546,0
655,648,529,537,641,470,539,0,59,299,544,0
656,646,527,537,643,470,539,0,56,359,545,0
657,647,531,536,641,471,538,0,60,304,549,0
658,645,529,536,641,471,537,0,60,409,562,0
659,647,530,537,642,471,539,0,61,324,546,0
660,647,530,537,642,471,540,0,60,359,553,0
661,648,531,538,642,470,541,0,60,335,549,0
662,649,530,537,642,469,538,0,62,292,548,0
663,648,530,537,642,472,536,0,63,287,542,0
664,646,530,538,643,470,538,0,62,306,547,0
665,645,530,539,643,470,538,0,62,330,546,0
666,647,530,534,641,470,536,0,62,320,552,0
667,646,530,539,641,469,538,0,67,301,542,0
668,647,528,538,642,470,537,0,62,378,548,0
669,647,529,537,643,470,537,0,63,321,549,0
670,647,528,537,643,469,538,0,62,334,545,0
671,647,529,536,643,470,538,0,62,399,550,0
672,648,529,538,643,470,538,0,62,359,546,0
673,648,530,540,643,469,538,0,62,335,544,0
674,647,529,536,643,469,538,0,62,319,551,0
675,649,529,535,641,470,539,0,68,305,542,0
676,647,530,536,639,470,536,0,61,346,546,0
677,647,529,536,640,470,537,0,65,370,547,1
678,647,530,539,644,470,539,0,63,300,546,0
679,646,530,536,643,470,541,0,62,340,552,0
680,647,529,536,643,470,540,0,60,392,546,0
681,649,530,538,642,469,537,0,62,287,550,0
682,647,529,536,643,470,540,0,60,303,549,0
683,647,530,537,642,471,537,19,58,312,546,0
684,648,531,537,642,471,537,22,58,361,549,0
685,648,529,538,642,471,538,2,58,327,545,0
686,647,530,537,642,472,539,0,56,274,546,0
687,648,530,537,643,471,540,0,57,352,546,0
688,647,530,536,643,470,539,3,57,260,550,0
689,649,528,538,643,472,539,15,57,343,549,0
690,648,529,538,642,473,537,19,58,311,546,0
691,647,531,537,643,473,537,20,59,328,543,1
692,647,529,538,641,471,538,29,58,292,552,0
693,647,529,536,642,471,539,28,58,363,545,0
694,647,529,537,643,472,537,27,56,325,547,0
695,647,531,538,643,472,537,15,56,325,545,0
696,648,530,538,642,471,539,0,54,381,563,0
697,649,529,539,641,472,538,0,51,313,548,0
698,648,529,538,641,472,537,0,50,345,545,0
699,648,529,538,643,472,539,0,47,280,547,0
700,648,531,537,643,471,539,0,45,290,550,0
701,647,531,539,642,472,539,0,44,390,564,0
702,648,530,538,643,471,539,0,44,318,545,0
703,648,529,538,643,471,538,0,43,390,553,0
704,646,528,539,643,472,538,0,43,346,549,0
705,646,527,539,643,473,540,0,43,385,557,0
706,647,527,539,643,472,537,0,43,316,546,0
707,647,529,538,643,472,537,0,44,345,545,0
708,647,530,537,642,472,538,0,41,364,546,0
709,647,531,536,641,472,537,0,46,312,549,0
710,648,530,538,642,471,537,0,42,367,546,0
711,648,530,539,643,471,538,0,47,363,545,0
712,648,532,535,641,470,537,0,50,279,543,0
713,647,532,535,641,472,538,0,49,388,552,0
714,647,531,537,643,471,538,0,51,325,550,0
715,647,532,536,643,471,537,0,52,385,546,0
716,646,530,536,643,471,537,0,48,336,546,0
717,646,530,535,643,470,538,0,53,332,546,0
718,647,529,536,643,472,539,0,50,305,546,0
719,645,533,536,640,471,537,0,54,328,546,0
720,647,531,535,642,471,537,0,57,329,551,0
721,646,528,534,643,470,537,0,54,340,546,0
722,648,530,537,640,469,539,0,58,327,550,0
723,646,532,536,640,469,539,0,58,357,551,0
724,646,530,535,641,471,540,0,59,298,550,0
725,647,530,536,642,469,540,0,56,292,546,0
726,647,531,535,642,470,539,0,59,341,554,0
727,646,530,536,643,470,538,0,58,328,547,0
728,646,529,536,643,470,538,0,59,354,547,0
729,647,531,536,642,470,539,0,61,315,549,0
730,645,531,536,643,470,539,0,58,323,546,0
731,648,528,538,643,471,540,0,61,314,545,0
732,648,529,537,644,472,539,0,62,325,545,0
733,646,530,536,641,468,541,0,62,302,546,0
734,648,529,535,643,469,539,0,62,320,546,0
735,648,529,535,644,469,540,0,61,293,546,0
736,647,531,533,641,468,538,0,62,289,547,0
737,647,529,535,642,471,538,0,62,288,545,0
738,646,529,536,642,470,538,0,62,308,550,0
739,646,530,537,644,471,536,0,62,363,549,0
740,648,530,536,642,469,539,0,63,304,550,0
741,648,531,535,643,470,538,0,63,322,550,0
742,647,531,537,642,470,539,0,62,293,545,0
743,646,531,538,641,468,540,0,62,305,548,0
744,646,530,537,642,468,539,3,63,302,549,0
745,646,531,538,643,469,538,0,62,367,544,0
746,648,530,537,643,470,538,0,63,326,563,0
747,648,529,537,642,469,538,0,60,324,546,0
748,647,533,536,641,472,540,0,62,309,546,0
749,647,529,538,642,471,538,0,63,344,546,0
750,647,530,536,641,471,540,0,63,302,549,0
751,649,527,534,640,468,540,0,64,325,551,0
752,647,526,536,642,470,540,0,64,346,553,0
753,646,529,538,644,474,540,1,65,318,550,0
754,649,528,534,641,469,539,0,66,277,549,0
755,648,529,534,641,469,539,0,64,360,544,0
756,648,529,537,643,472,540,0,65,330,548,0
757,647,530,538,645,473,540,0,65,347,550,0
758,646,529,537,645,472,541,0,65,329,545,0
759,649,528,536,641,469,538,0,66,370,554,0
760,648,529,537,643,470,538,0,65,318,546,0
761,647,529,537,642,472,538,0,65,302,549,0
762,650,525,537,641,467,538,0,67,314,547,1
763,649,528,536,640,470,539,0,64,299,544,0
764,648,528,537,642,469,539,0,65,377,544,0
765,647,525,537,641,469,538,0,64,273,548,0
766,645,526,539,643,469,539,6,62,366,544,0
767,648,527,535,643,471,542,34,63,299,545,0
768,647,527,535,642,473,539,46,63,341,541,0
769,645,530,539,643,474,539,67,62,364,542,0
770,649,528,537,642,473,540,91,58,343,540,0
771,644,528,538,643,472,542,120,58,293,540,0
772,647,528,539,644,471,539,99,62,359,552,0
773,648,523,539,643,473,538,63,61,299,540,0
774,649,526,538,642,471,541,0,61,299,542,0
775,648,527,537,644,472,540,0,63,379,540,0
776,648,527,536,644,472,540,0,60,320,544,0
777,648,527,535,642,471,541,0,60,277,547,0
778,650,525,534,642,471,540,0,57,336,544,0
779,648,525,534,642,471,540,0,58,332,545,0
780,648,527,537,642,470,540,0,57,284,544,0
781,648,526,535,643,473,541,0,52,324,547,0
782,646,527,535,642,473,542,0,53,335,543,4
783,648,525,536,643,472,542,18,44,333,544,0
784,649,524,537,643,475,542,57,44,318,548,0
785,649,524,537,644,477,543,62,42,387,545,0
786,651,525,537,645,476,544,68,41,354,543,0
787,650,524,537,643,473,543,92,40,288,543,0
788,649,524,538,642,475,543,105,40,335,549,0
789,650,523,537,643,476,542,89,39,284,544,0
790,650,523,537,643,476,543,88,39,360,565,0
791,647,523,539,643,473,541,35,41,290,547,0
792,648,523,538,643,472,541,0,40,353,548,0
793,650,525,539,644,472,542,0,41,326,543,0
794,650,525,539,644,474,541,0,42,347,545,0
795,648,524,541,644,475,541,0,42,315,546,0
796,651,526,537,641,472,541,1,44,330,547,0
797,651,523,537,643,472,539,0,44,411,548,0
798,650,524,541,644,475,539,0,44,304,544,0
799,649,524,540,641,473,540,0,47,275,544,0
800,650,525,539,642,472,541,0,47,392,545,0
801,651,525,539,643,473,541,0,48,321,544,0
802,649,526,537,642,472,541,19,48,313,561,0
803,649,527,538,644,472,541,26,46,372,541,0
804,649,525,538,644,474,540,49,49,319,544,0
805,647,524,540,642,473,539,58,49,388,550,0
806,651,524,538,643,469,540,51,46,277,543,0
807,648,524,536,642,469,538,53,50,416,544,0
808,647,524,536,641,468,538,55,51,324,542,0
809,649,524,536,642,468,541,52,48,336,538,0
810,652,527,535,643,465,540,48,52,327,534,0
811,655,526,534,643,465,540,22,52,379,542,0
812,648,527,533,645,466,540,45,49,323,536,0
813,644,530,533,642,466,541,45,53,308,542,0
814,644,530,531,641,465,542,18,52,378,544,0
815,644,533,531,640,467,540,0,58,281,535,0
816,644,533,531,641,466,540,0,53,315,544,0
817,644,532,531,640,467,536,1,54,303,537,0
818,645,532,532,641,466,539,2,55,318,527,0
819,643,532,532,643,466,538,38,51,315,531,0
820,646,526,535,641,469,538,72,36,300,539,0
821,646,526,536,642,468,539,71,39,331,540,0
822,645,527,537,642,470,540,66,40,345,539,3
823,647,525,540,643,472,540,55,38,368,538,0
824,649,522,537,644,475,540,42,39,316,541,0
825,648,526,537,644,474,538,10,39,362,543,0
826,648,526,537,643,473,540,0,43,303,549,5
827,649,528,537,642,472,538,0,37,292,540,0
828,649,529,538,642,471,538,1,41,393,545,0
829,650,526,536,641,470,538,0,42,301,537,0
830,648,527,538,644,471,540,0,38,342,557,0
831,650,526,539,644,472,538,0,37,371,541,0
832,649,527,539,643,471,540,0,35,327,545,0
833,651,524,536,642,472,539,0,34,282,541,0
834,650,526,537,643,472,539,0,33,381,550,0
835,649,526,537,641,470,543,18,32,288,543,0
836,647,528,540,642,473,540,34,33,363,548,0
837,648,525,537,644,472,539,57,32,288,543,0
838,647,528,536,643,472,539,64,33,376,544,0
839,650,526,536,641,471,540,65,34,290,542,0
840,650,525,537,641,471,541,65,35,371,549,0
841,648,525,537,642,471,540,72,33,341,543,0
842,649,526,536,643,474,541,68,37,315,550,0
843,649,528,537,643,472,539,52,37,350,543,0
844,646,526,535,642,471,543,20,40,329,551,0
845,647,526,535,642,472,543,0,38,370,544,0
846,648,527,536,644,469,542,0,43,286,548,0
847,650,525,535,644,471,540,0,43,402,545,0
848,650,525,536,643,469,540,0,45,342,548,0
849,648,526,537,643,469,537,0,46,353,549,0
850,649,526,537,643,471,540,0,48,291,549,0
851,648,526,536,643,469,539,0,55,325,553,0
852,649,527,536,640,469,542,0,48,349,548,0
853,649,527,536,641,470,542,0,47,267,544,0
854,649,526,535,640,470,540,0,44,388,544,0
855,648,527,534,642,469,539,0,44,268,547,0
856,647,526,535,641,469,538,0,44,391,546,0
857,647,526,537,642,470,541,0,43,277,544,0
858,647,527,537,641,469,540,0,42,361,546,0
859,647,525,536,643,469,539,0,38,299,544,0
860,646,527,535,642,467,540,0,42,292,549,0
861,648,527,536,642,468,539,0,40,344,545,0
862,649,527,536,642,470,540,0,42,368,548,0
863,649,527,536,642,471,541,0,43,338,545,0
864,649,529,537,643,468,540,0,44,310,549,0
865,647,530,537,643,468,540,0,44,358,570,0
866,647,525,534,641,468,538,0,46,331,546,0
867,648,526,536,642,469,539,0,45,342,546,0
868,649,528,537,642,470,538,0,47,303,544,0
869,647,527,534,641,470,539,0,47,340,549,0
870,646,526,537,642,470,539,0,47,324,544,0
871,647,527,537,643,468,541,0,47,290,546,0
872,647,528,535,642,470,539,0,47,360,562,0
873,647,528,536,642,469,538,2,46,382,558,0
874,648,526,537,642,469,539,3,46,329,545,0
875,649,524,536,642,471,540,0,45,339,549,0
876,648,526,535,643,472,541,0,42,327,545,0
877,648,528,535,643,468,541,0,46,285,544,0
878,648,526,535,643,468,540,0,46,347,550,0
879,646,527,536,642,468,539,0,45,320,546,0
880,646,527,537,641,468,539,0,46,369,549,0
881,647,527,537,642,469,539,0,46,335,551,0
882,646,526,537,642,468,539,0,49,381,542,0
883,648,525,535,641,469,541,0,47,322,549,0
884,649,527,535,641,468,539,0,48,314,547,0
885,649,527,535,642,469,539,0,48,372,564,0
886,648,528,536,642,468,540,0,49,355,545,0
887,648,527,537,641,467,541,0,50,340,552,0
888,646,526,535,641,468,539,0,49,350,546,0
889,647,526,535,643,469,539,0,55,361,543,0
890,647,527,535,642,468,541,0,48,274,545,0
891,647,526,534,642,467,542,0,50,331,547,0
892,648,527,534,642,468,540,0,51,343,545,0
893,648,526,534,642,470,538,0,48,371,545,0
894,649,527,534,642,466,540,0,49,322,543,0
895,648,528,536,641,467,538,0,49,381,547,0
896,646,526,537,642,468,540,0,48,320,544,0
897,647,527,535,643,468,541,0,49,342,545,0
898,648,527,535,641,468,538,0,48,313,548,0
899,647,525,536,643,470,539,0,48,409,562,0
900,647,525,536,643,470,539,0,48,299,553,0
901,647,525,537,641,468,542,0,47,341,549,0
902,648,525,536,641,468,541,2,47,349,550,0
903,648,525,536,640,469,541,0,47,311,548,0
904,648,525,535,642,469,540,0,46,312,550,0
905,648,527,534,642,469,539,0,44,276,546,0
906,649,528,534,643,471,538,0,46,340,560,0
907,651,525,535,642,470,539,0,46,362,550,0
908,648,525,536,641,466,539,0,46,337,566,0
909,646,526,536,641,467,539,0,48,330,550,0
910,647,526,535,640,467,539,0,47,306,549,0
911,647,527,535,642,469,540,0,48,312,561,0
912,647,528,536,643,467,540,0,49,353,545,0
913,648,528,537,643,468,541,0,49,305,548,0
914,648,528,534,643,469,540,0,50,361,546,0
915,646,528,533,640,466,541,0,50,306,549,0
916,646,528,533,641,465,541,0,49,306,546,0
917,647,527,534,642,466,540,0,51,388,553,0
918,649,526,535,640,466,540,0,52,279,546,0
919,648,526,536,641,467,539,0,52,397,549,0
920,647,525,536,642,468,539,0,52,371,557,0
921,647,525,536,642,469,541,0,53,324,550,0
922,647,526,536,641,468,539,0,53,310,545,0
923,648,524,536,642,469,538,0,53,347,545,0
924,648,524,537,643,470,538,2,54,352,550,0
925,647,528,534,642,468,540,0,54,309,551,0
926,648,527,534,643,468,540,0,54,374,551,0
927,648,527,536,642,468,539,0,55,284,551,0
928,650,526,536,641,469,540,0,52,345,546,0
929,650,526,538,641,470,539,0,55,326,546,0
930,648,527,537,641,468,539,0,55,326,546,0
931,648,529,534,641,470,539,0,56,303,546,0
932,648,526,535,642,471,539,0,55,352,567,0
933,647,525,536,642,469,539,0,56,343,545,0
934,645,525,538,642,469,538,0,55,364,544,0
935,647,527,535,641,469,540,0,55,303,550,0
936,647,526,534,642,470,539,0,55,406,553,0
937,647,526,536,642,472,539,0,55,330,550,0
938,648,527,538,643,470,540,0,52,334,545,0
939,649,528,537,643,470,539,0,58,381,543,1
940,647,528,536,642,470,538,0,52,282,546,0
941,648,527,536,643,472,540,0,56,305,546,0
942,649,527,536,643,472,542,0,54,342,547,0
943,648,528,539,643,471,538,0,56,297,549,0
944,648,527,538,644,471,537,0,56,354,545,0
945,648,527,536,641,470,538,0,56,336,549,0
946,647,528,537,641,472,540,0,56,322,546,0
947,649,528,537,644,470,537,0,58,284,547,0
948,649,525,536,643,470,537,2,57,342,550,0
949,647,525,537,643,469,537,0,57,345,546,0
950,648,528,537,643,473,539,0,57,278,545,0
951,649,528,536,642,471,537,0,57,377,552,0
952,649,528,536,642,471,536,0,54,360,547,0
953,647,527,537,642,472,537,0,52,283,546,0
954,647,526,538,643,473,539,0,54,330,554,0
955,647,528,537,643,473,539,0,54,365,546,0
956,646,528,538,643,473,538,0,48,339,547,0
957,646,528,537,642,470,539,0,51,380,567,0
958,649,527,537,642,470,538,0,50,329,546,0
959,650,527,538,643,471,539,0,48,324,547,0
960,651,529,536,642,473,537,0,48,321,546,0
961,651,527,536,643,471,538,0,48,352,546,0
962,651,526,538,643,471,538,0,48,346,547,0
963,650,528,538,642,473,539,0,48,299,549,0
964,648,526,538,641,473,536,0,49,317,548,0
965,646,525,537,641,472,537,0,48,384,554,0
966,646,527,538,641,472,537,0,48,394,559,0
967,648,527,536,642,472,539,0,49,292,546,0
968,648,528,536,643,472,540,0,50,357,546,0
969,648,527,537,644,469,537,0,48,302,547,0
970,647,529,537,643,468,538,0,48,335,546,0
971,644,531,535,641,468,539,0,52,322,546,0
972,645,529,534,641,469,540,0,57,387,543,0
973,647,530,536,642,471,538,0,48,293,545,0
974,646,529,536,640,472,538,0,53,387,546,0
975,646,530,537,643,468,537,0,52,344,546,0
976,645,529,536,643,469,537,0,54,342,545,0
977,645,528,536,643,471,540,0,50,293,545,0
978,646,529,534,641,468,540,0,54,347,559,0
979,646,530,535,641,468,540,15,55,286,550,0
980,647,531,534,641,468,539,42,54,332,549,0
981,647,531,537,642,469,539,46,52,327,545,0
982,646,527,536,643,469,536,48,54,294,548,0
983,645,528,535,641,469,540,36,52,315,545,0
984,647,530,534,639,470,540,0,54,270,547,0
985,647,528,536,639,470,540,0,54,342,552,0
986,646,527,536,640,470,541,0,54,361,554,0
987,647,530,535,643,471,539,1,55,319,548,0
988,646,529,537,643,470,539,0,55,360,548,0
989,647,530,534,643,468,538,0,56,282,549,0
990,646,531,534,643,468,539,0,52,335,545,0
991,646,531,535,644,470,539,0,52,348,545,0
992,645,529,536,643,469,539,0,56,334,553,0
993,647,531,534,642,471,540,0,56,330,544,0
994,649,530,534,641,469,542,1,57,362,551,0
995,648,529,534,641,469,538,0,56,330,545,0
996,646,530,534,641,470,539,0,53,367,545,0
997,645,532,535,642,467,542,0,59,310,546,0
998,647,530,532,640,471,540,0,57,324,545,0
999,646,531,534,643,473,542,0,58,325,551,0
1000,647,530,534,642,470,541,0,58,306,547,0
1001,647,528,534,643,471,540,0,58,393,547,0
1002,647,527,534,644,470,541,0,58,380,551,0
1003,647,528,533,642,471,540,19,58,331,548,0
1004,648,529,533,640,469,542,21,56,322,546,0
1005,647,529,534,640,470,540,0,59,291,545,0
1006,648,529,535,642,470,540,0,59,313,546,0
1007,647,530,534,641,470,541,0,57,307,546,0
1008,646,528,534,641,469,541,0,59,418,553,0
1009,645,532,533,641,468,541,0,58,297,549,0
1010,645,529,534,641,467,539,0,59,422,552,0
1011,646,527,536,643,474,541,0,56,311,545,0
1012,645,528,536,642,474,543,0,57,320,546,0
1013,646,531,535,643,474,544,0,59,307,547,0
1014,646,529,536,641,476,545,0,58,356,546,0
1015,646,529,534,642,475,546,0,59,328,545,0
1016,647,529,534,638,480,547,0,59,318,545,0
1017,646,529,535,637,481,546,0,58,391,563,0
1018,646,527,534,642,470,541,0,57,320,549,0
1019,647,527,533,641,471,540,0,57,402,553,0
1020,647,528,532,642,471,539,0,56,408,557,0
1021,646,527,533,643,470,540,0,55,320,553,0
1022,646,526,536,643,472,541,0,54,387,556,0
1023,648,527,535,643,470,541,0,53,319,545,0
1024,649,528,535,643,472,542,0,52,354,547,0
1025,648,530,534,641,472,540,0,50,290,546,0
